aspen,olmsted,wald,jack,baba,aspen@pleasedonotemail.com,
aspen,olmsted,wald,jack,baba,aspen@pleasedonotemail.com,
aspen,olmsted,wald,jack,baba,aspen@pleasedonotemail.com,
sally,jones,olmsted,wald,jack,sally@gmail.com,
fred,smith,olmsted,wald,jack,fsmith@aol.com,
aspen,olmsted,wald,jack,baba,aspen@pleasedonotemail.com,
sally,jones,olmsted,wald,jack,sally@gmail.com,
fred,smith,olmsted,wald,jack,fsmith@aol.com,
aspen,olmsted,wald,jack,baba,aspen@pleasedonotemail.com,
sally,jones,olmsted,wald,jack,sally@gmail.com,
fred,smith,olmsted,wald,jack,fsmith@aol.com,
fred,smith,olmsted,wald,jack,fsmith@aol.com,
